,Americo,Mutual of Omaha,,American Amicable,,,,Instabrain,,,,,,,,,,United Home Life,Royal Neigbors,Foresters,Ethos,,,,NLG,
FFL Contract,HMS 125,TLE (Express),TLA (Answers),EZ Term,Home Protector,OBA (Group Level Term,Term Made Simple,Term w/ LB,Term w/ LB,Term w/ LB,Term w/ LB,Pure Term,Pure Term,Pure Term,Pure Term,RD Senior Life Term Life,RD Senior Life Term Life,Term,Term,Strong Foundation,LGA Prime,TruStage SITL,Ameritas SI Term,JH ROP,10/15 YR Term,20/30 YR Term
145,145%,145%,110%,100%,145%,100%,130%,120%,125%,130%,130%,120%,125%,130%,130%,90%,65%,-,-,-,120%,120%,120%,145%,92%,110%
140,140%,140%,110%,100%,140%,100%,130%,115%,120%,125%,125%,115%,120%,125%,125%,85%,60%,110%,120%,120%,117.50%,115%,117.50%,145%,92%,110%
135,135%,135%,105%,95%,135%,95%,125%,110%,115%,120%,120%,110%,115%,120%,120%,80%,55%,105%,115%,115%,115%,110%,115%,135%,88%,105%
130,130%,130%,100%,90%,130%,90%,120%,105%,110%,115%,115%,105%,110%,115%,115%,75%,50%,100%,110%,110%,112.50%,105%,112.50%,130%,83%,100%
125,125%,125%,95%,85%,125%,85%,115%,100%,105%,110%,110%,100%,105%,110%,110%,70%,45%,95%,100%,105%,110%,100%,110%,125%,80%,95%
120,120%,120%,90%,80%,120%,80%,110%,95%,100%,105%,105%,95%,100%,105%,105%,65%,40%,90%,100%,100%,107.50%,95%,107.50%,115%,75%,90%
115,115%,115%,85%,75%,115%,75%,105%,90%,95%,100%,100%,90%,95%,100%,100%,60%,35%,85%,100%,95%,105%,90%,105%,105%,71%,85%
110,110%,110%,80%,70%,110%,70%,100%,85%,90%,95%,95%,85%,90%,95%,95%,55%,30%,80%,95%,90%,102.50%,85%,102.50%,100%,67%,80%
105,105%,105%,75%,65%,105%,65%,95%,80%,85%,90%,90%,80%,85%,90%,90%,50%,25%,75%,90%,85%,100%,80%,100%,95%,62%,75%
100,100%,100%,70%,60%,100%,60%,90%,75%,80%,85%,85%,75%,80%,85%,85%,45%,20%,70%,85%,80%,97.50%,75%,97.50%,90%,58%,70%
95,95%,95%,65%,55%,95%,55%,85%,70%,75%,80%,80%,70%,75%,80%,80%,40%,15%,65%,80%,75%,95%,70%,95%,85%,55%,65%
90,90%,90%,60%,50%,90%,50%,80%,65%,70%,75%,75%,65%,70%,75%,75%,35%,10%,60%,75%,70%,92.50%,65%,92.50%,80%,50%,60%
85,85%,85%,55%,45%,85%,45%,75%,60%,65%,70%,70%,60%,65%,70%,70%,30%,5%,55%,50%,65%,90%,60%,90%,75%,45%,55%
80,80%,80%,50%,40%,80%,40%,70%,55%,60%,65%,65%,55%,60%,65%,65%,25%,5%,50%,50%,60%,87.50%,55%,87.50%,70%,42%,50%
75,75%,75%,45%,35%,75%,35%,65%,50%,55%,60%,60%,50%,55%,60%,60%,20%,5%,45%,50%,55%,85%,50%,85%,65%,38%,45%
70,70%,70%,40%,30%,70%,30%,60%,45%,50%,55%,55%,45%,50%,55%,55%,15%,5%,45%,50%,50%,82.50%,50%,82.50%,60%,33%,40%
65,65%,65%,35%,25%,65%,30%,55%,45%,50%,55%,55%,45%,50%,55%,55%,15%,5%,45%,50%,45%,80%,50%,80%,55%,33%,40%
,,,,,,,,10 Year,15 Year,20 Year,30 Year,10 Year,15 Year,20 Year,30 Year,Ages 50 - 69,Ages 70 - 79,,,,,,,,,